{"cameraMode":{"drawMode":0,"name":"Shaded","section":"Shading Mode"},"sceneLighting":true,"audioPlay":false,"sceneViewState":{"m_AlwaysRefresh":false,"showFog":true,"showSkybox":true,"showFlares":true,"showImageEffects":true,"showParticleSystems":true,"showVisualEffectGraphs":true,"m_FxEnabled":true},"in2DMode":false,"pivot":{"x":-0.29040151834487917,"y":0.6108308434486389,"z":0.15512970089912415},"rotation":{"x":0.021085264161229135,"y":-0.6950943470001221,"z":0.020504724234342576,"w":0.7184872627258301},"size":1.053110122680664,"orthographic":false}