{"cameraMode":{"drawMode":0,"name":"Shaded","section":"Shading Mode"},"sceneLighting":false,"audioPlay":false,"sceneViewState":{"m_AlwaysRefresh":false,"showFog":true,"showSkybox":false,"showFlares":true,"showImageEffects":true,"showParticleSystems":true,"showVisualEffectGraphs":true,"m_FxEnabled":true},"in2DMode":false,"pivot":{"x":1.46798574924469,"y":0.5086988210678101,"z":-0.00020936131477355957},"rotation":{"x":0.2450537532567978,"y":0.24727673828601838,"z":-0.06495475769042969,"w":0.9355953335762024},"size":0.4615400433540344,"orthographic":false}